1;DJ Shop;;0
1;Accessoires Disques;DJ Shop;0
1;Câbles et Connectiques Audio;DJ Shop;0
1;Cartes son DJ;DJ Shop;0
1;Casques;DJ Shop;0
1;Cellules et Diamants de lecture;DJ Shop;0
1;Contrôleurs et logiciels DJ;DJ Shop;0
1;Mobiliers Flight Cases et Racks;DJ Shop;0
1;Moniteurs DJ;DJ Shop;0
1;Multi-Effets DJ;DJ Shop;0
1;Packs DJ;DJ Shop;0
1;Packs Sono DJ;DJ Shop;0
1;Platines CD et MP3;DJ Shop;0
1;Platines Vinyles;DJ Shop;0
1;Sacoches et Bags DJ;DJ Shop;0
1;Tables de mixage DJ;DJ Shop;0
1;Vidéo DJ;DJ Shop;0
1;ACCUEIL;;0
1;LOCATION;;0
1;Eclairage;;0
1;Blocs de puissance DMX;Eclairage;0
1;Câbles et adptateurs DMX;Eclairage;0
1;Commandes DMX;Eclairage;0
1;Dispatchings;Eclairage;0
1;Effets DJ à lampe;Eclairage;0
1;Equipements Scéniques;Eclairage;0
1;Flights et Bags de Transport;Eclairage;0
1;Lampes;Eclairage;0
1;Lasers;Eclairage;0
1;LEDS;Eclairage;0
1;Lumières Noires;Eclairage;0
1;Lyres;Eclairage;0
1;Machines à Fumée et Brouillard;Eclairage;0
1;Machines à Neige et Bulles;Eclairage;0
1;Modulateurs et Séquenceurs;Eclairage;0
1;Packs Eclairage;Eclairage;0
1;Pieds Portiques Structures;Eclairage;0
1;Projecteurs Changeurs Couleurs;Eclairage;0
1;Projecteurs de Scène;Eclairage;0
1;Projecteurs IP Etanches;Eclairage;0
1;Scanners et Rollers;Eclairage;0
1;Stroboscopes;Eclairage;0
1;Sono;;0
1;Enceintes > Accessoires;Sono;0
1;Micros > Accessoires;Sono;0
1;Amplis;Sono;0
1;Analyseurs Audio et Accessoires;Sono;0
1;Bags Semi-Rigides;Sono;0
1;Câbles et Connectiques Audio;Sono;0
1;Ear Monitors;Sono;0
1;Enceintes;Sono;0
1;Flight-Cases Racks et Stands;Sono;0
1;Hauts-Parleurs;Sono;0
1;Micros Filaires;Sono;0
1;Micros HF;Sono;0
1;Mixages;Sono;0
1;Packs sono;Sono;0
1;Périphériques;Sono;0
1;Sources audio;Sono;0
1;Home Studio;;0
1;Accessoires et câbles de studio;Home Studio;0
1;Claviers maître;Home Studio;0
1;Micros studio;Home Studio;0
1;Interfaces audio;Home Studio;0
1;Monitoring studio;Home Studio;0
1;Surfaces de contrôle;Home Studio;0
1;Périphériques studio;Home Studio;0
1;Casques de studio;Home Studio;0
1;Enregistreurs numériques;Home Studio;0
1;Logiciels studio;Home Studio;0
1;Mixage studio;Home Studio;0
1;Samplers studio;Home Studio;0
1;Pack studio;Home Studio;0
1;TOP DEALS;;0
1;Packs;;0
1;Audiovisuel;;0
1;Amplis Home Cinéma;Audiovisuel;0
1;Amplis Public Address;Audiovisuel;0
1;Baies d'installation et Accessoires;Audiovisuel;0
1;Casques et Ecouteurs;Audiovisuel;0
1;Ecrans Plasma et LCD;Audiovisuel;0
1;Ecrans Vidéoprojection;Audiovisuel;0
1;Enceintes Installation Basse Impédance;Audiovisuel;0
1;Enceintes Public Address Ligne 100V;Audiovisuel;0
1;Limiteurs Acoustiques Agréés;Audiovisuel;0
1;Micros Conférence / Broadcast;Audiovisuel;0
1;Portes-Voix et Mégaphones;Audiovisuel;0
1;Préamplis / Mixage Public Address;Audiovisuel;0
1;Pupitres et Accessoires;Audiovisuel;0
1;Sonos Portables;Audiovisuel;0
1;Sources Audio;Audiovisuel;0
1;Systèmes de Visite Guidée;Audiovisuel;0
1;Vidéoprojecteurs;Audiovisuel;0
1;Vidéo Surveillance;Audiovisuel;0
